symbol,market_phase,phase_confidence,phase_confidence_score,structure_quality,trend_structure,effort_vs_result,volume_behavior,accumulation_distribution,composite_operator,structural_events,key_observations,caution_flags,research_score,structural_events_count,caution_flags_count,key_observations_count,rank
FLYW,Distribution,High,72,Clean,Primary uptrend from ~11.17 (Mar 27 low) to ~19.59 (Aug 21 high) | Multiple higher lows and higher highs confirmed | Recent topping behavior with wide-spread down days and failed rallies at highs,"Strong effort-result alignment during markup (Apr 13–May 6) | May 6 climactic volume (10.3M) with massive spread = Buying Climax (BC) candidate | Aug 5 secondary surge (5.67M) with strong result = renewed markup | Divergence noted: high volume on down days Jun 2–3, Jul 22",Accumulation phase: declining volume on pullbacks (Mar–Apr) confirming absorption | BC: May 6 volume spike 10.3M (anomalous) | Post-BC: volume contraction on rallies = weakness | Aug 5 re-acceleration: 5.67M surge with spread expansion | Aug 21 low volume (1.0M) on new high = potential effort-result divergence,"Phase A–B Accumulation: Mar 3–Apr 12 (SC near 11.17, AR near 13.63, ST near 11.37) | Phase C: Apr 13 Spring/LPS confirmed (high volume reversal) | Phase D–E Markup: Apr 15 onward with SOS bars | Potential Distribution beginning: May 6 BC | Secondary Distribution: Jul 15–Aug 21 range (17.47–19.59)",Absorbed supply aggressively Mar–Apr | Marked up strongly Apr–May | Distributed into BC May 6 | Re-accumulated Jun lows (13.88) | Secondary markup Jun–Aug | Currently distributing into Aug highs near 19.59,"SC (Selling Climax): ~Mar 27 (11.17 low, elevated volume) | AR (Automatic Rally): ~Mar 9 (13.63) | ST (Secondary Test): ~Apr 9–10 (11.37–11.46) | Spring: Apr 13 (11.405 low, 3.21M volume reversal) | SOS (Sign of Strength): Apr 15–16 (gap up, 2.9M) | BC (Buying Climax): May 6 (17.79 high, 10.3M volume) | AR post-BC: May 7–8 | Secondary Test of BC: May 11–Jun 3 range | LPS (Last Point of Support): ~Jun 8–10 (13.85–13.84) | SOS 2: Jun 24–26 (volume surge 3.1M–5.4M) | BC 2 candidate: Aug 5 (18.92 high, 5.67M) | UT (Upthrust) candidate: Aug 19–21 (19.125–19.59 new highs, volume fading)",May 6 BC is the dominant structural event — 3x average volume with climactic spread | Post-BC correction to 13.88 (-20.6%) confirms distribution absorbed | Jun 24–26 SOS re-ignition with institutional-level volume | Aug 5 secondary climax (5.67M) may mark Phase B of new distribution | Aug 21 new high (19.59) on lowest volume in weeks (1.0M) = significant weakness signal | Price has traveled ~75% from Spring low (11.,,33,12,0,6,1
BLFS,Markup,High,81,Clean,Bullish — series of higher lows and higher highs from March lows (~17.86) through August highs (~38.10) | Primary uptrend intact | Acceleration visible May–August,"Effort aligns with result through most of markup | Climactic effort signals on 2026-07-22 (9.7M vol, wide spread) and 2026-07-28 (2.7M, gap up) suggest possible Buying Climax (BC) conditions forming | Recent August advance on moderate volume shows diminishing effort-to-result ratio at highs","Low volume accumulation base (Mar–Apr, ~160K–740K) | Volume expansion on SOS breakouts (May 18–20: 972K–1.34M) | Climactic volume spike 2026-07-22 (9.74M) and 2026-07-23 (5.13M) = probable BC | Volume contracting on recent August highs (Aug 12–14: 348K–479K) = supply absorption or weakening demand",Accumulation phase completed: Mar–May base (~17.86–21.00 range) | Creek crossed with authority May 18–20 | Distribution signs emerging at upper range (Jul–Aug highs) — climactic action + AR-like pullbacks suggest early Phase A of potential distribution,Accumulated aggressively in Mar–Apr low-volume base | Marked up through May–July | Climactic selling/supply introduction visible Jul 22–23 | Currently testing sustainability of markup — CO may be distributing into strength,"SC (Selling Climax): 2026-03-03 (1.24M, wide down bar ~$2.15 range) | AR (Automatic Rally): 2026-03-04–05 | ST (Secondary Test): 2026-03-10–13 | LPS (Last Point of Support): 2026-04-06–07 (~18.60 low, low volume) | SOS (Sign of Strength): 2026-05-18–20 (volume surge, price expansion) | BU (Back-Up): 2026-05-22–Jun-05 consolidation | SOS2: 2026-06-25–26 (1.93M–4.0M, surge to ~29.81) | BC (Buying Climax candidate): 2026-07-22 (9.74M, ~31.49 high) | AR (Automatic Reaction): 2026-07-24–27 pullback | Secondary BC: 2026-07-28 (2.71M gap to 33.14) | Continued Markup: Aug 03–21 grinds to ~38.10","60%+ price appreciation from SC low (~17.86) to current highs (~38.10) | Climactic volume on 2026-07-22 is 20x+ the accumulation base average — strongest single-day signal in dataset | Decreasing volume on recent August advance is a caution | Narrow spread days (Aug 12, 14, 18) on elevated price = potential effort-result divergence | Last bar (Aug 21) shows very low volume (56,922) — likely incomplete session or thin trading",Climactic volume 2026-07-22 may mark distribution Phase A BC | Volume declining as price advances into Aug hig,31,11,2,5,2
HOG,Accumulation,High,63,Clean,Bullish higher highs and higher lows from March lows (~17.10) through August highs (~28.64) | Multiple consolidation plateaus acting as re-accumulation steps | Recent price action (Jul-Aug) showing stalling near highs with pullbacks,"Early markup (Mar-Apr): strong effort with proportional results | May spike (25.12 high, 6.45M vol) followed by immediate rejection — effort without sustained result | Jun 26 anomaly (14.39M vol, bearish close ~25.19) = climactic supply effort with poor result for bulls | Aug 13 thrust (27.85, 3.6M) shows renewed buying effort with good result","Accumulation base (Mar 3-24): elevated volume on down days, absorption visible | Markup phases: declining volume on rallies (normal re-accumulation behavior) | Jun 26: extreme volume spike (14.39M) on down close — significant supply entry | Jul 20-21: high volume breakout attempt (5.27M, 4.71M) followed by sharp pullback — possible Upthrust After Distribution (UTAD) or Buying Climax (BC) | Aug volume declining on approach to highs — reduced participation",Net Accumulation from March through May | Secondary re-accumulation May-June (~23-25 range) | Potential early Distribution signals emerging Jul-Aug near 27-28.6 zone | Jun 26 high-volume reversal and Jul peak-and-fade suggest Composite Operator reducing exposure,CO absorbed supply aggressively March 3-24 | Orchestrated markup through April-May | Appears to be testing distribution feasibility at 27-28+ zone | Jun 26 volume suggests CO-level supply introduction | Not yet confirmed full distribution — monitoring required,Selling Climax (SC): Mar 3 ~17.30 | Automatic Rally (AR): Mar 4-5 ~19.63 | Secondary Test (ST): Mar 13-18 ~17.10-17.51 | Sign of Strength (SOS): Mar 24-26 breakout ~19.68 | Last Point of Support (LPS): Mar 27-30 ~19.26-19.42 | Markup Phase 1: Apr-May push to ~26.99 | Potential Buying Climax (BC): Jul 21 ~28.49 | Possible Automatic Reaction (AR): Jul 23-31 pullback to ~24.54 | Secondary Test of BC: Aug 14 ~28.18 | Possible Upthrust (UT): Aug 21 ~28.64,"+140% price appreciation from SC low (17.10) to current high (28.64) | Three distinct re-accumulation shelves: ~19-20 (Apr), ~23-25 (May-Jun), ~25-27 (Jul) | Jun 26 volume (14.39M vs avg ~2-3M) is the single most significant structural anomaly — likely institutional supply | Jul 20-21 climactic volume with immediate failure is a high-priority distribution warning | Aug volume contraction on approach to highs is a divergence (effort declining, price near resistance) | Narrow trading range Aug 20-21 with very low volume — possible last gasp or spring setup unclear",Jun 26 extreme volume spike (5x average) on bearish close —,31,10,1,6,3
NRIX,Distribution,High,72,Clean,Sustained uptrend from ~14.01 lows (Mar-24) to ~28.23 highs (Aug-19) | Higher highs and higher lows intact through early Aug | Recent narrowing range and declining volume suggest weakening momentum,Effort-result divergence emerging at highs | Large volume on Jun-08 (21M) with wide spread but close near lows signals absorption | Aug-19 high on elevated volume (2.1M) with reduced follow-through | Jul-10 wide-range down bar on rising volume signals supply entering,"Climactic volume spike Jun-08 (21M shares) — Buying Climax (BC) candidate | Volume expansion on up-moves through Jun-Jul | Volume contracting on recent highs (Aug-14: 738K, Aug-21: 88K) — terminal thrust characteristics | Decreasing volume on rallies into Aug highs = weakening demand",Accumulation: Mar-24 to Apr-06 (base ~14.01–15.44 range) | Markup Phase: Apr-06 through Aug-19 | Early Distribution signals: Aug top formation with narrowing spreads and volume contraction,CO aggressively marked up price from Mar lows | Jun-08 climactic activity suggests CO-induced volatility / shakeout | CO may be initiating distribution at 26–28 zone given effort-result divergence and volume fade,Spring/Last Point of Support (LPS): Mar-24 low ~14.01 | Sign of Strength (SOS): Mar-25 rally on 2.16M | Backup to Creek: Mar-30 retest ~14.41 | Markup acceleration: Jun-25 to Jun-30 breakout | Buying Climax (BC) candidate: Jun-08 on 21M volume | Secondary Test (ST) of BC: Jun-09 to Jun-11 | Upthrust After Distribution (UTAD) candidate: Aug-19 high ~28.23 on expanding then fading volume | Possible Preliminary Supply (PSY): Aug-13 to Aug-19 zone,~14.01 was the critical support and accumulation low | Massive Jun-08 volume (21M) is the single most significant structural event — likely shakeout or BC | Price nearly doubled from ~14 to ~28 in ~5 months — extended markup | Aug-19 to Aug-21 shows sharp volume collapse (2.1M → 88K) at new highs — terminal behavior | Range compression in Aug at highs consistent with distribution preparation | Close on Aug-21 (26.71) well off Aug-19 high (28.23) on tiny volume — potential failed auction,"Aug-21 volume (88K) is anomalously low — may be partial/incomplete session data | Jun-08 volume spike (21M) is outlier — news/catalyst event possible, not pure Wyckoff | Only 3 months of markup data — distribution confirmation requires more price/volume evidence | No confirmed lower low yet to validate distribution phase transition | Markup could resume if Aug lows hold with volume support",28,8,5,6,4
HOPE,Distribution,High,62,Clean,Higher lows and higher highs from Mar low (~10.51) to Aug high (~14.59) | Uptrend intact but momentum decelerating | Recent lower highs forming near 14.50–14.59 zone,"Mar–Apr: strong effort with strong result (accumulation to markup) | Apr–Jun: moderate effort, diminishing upside range | Jul–Aug: high effort on select days with reduced range expansion — divergence emerging",High volume at Mar-20 base (2.48M) — Spring/LPS signal | Apr-01 surge (2.65M) — Sign of Strength (SOS) | Jun-26 spike (3.56M) near highs — potential Buying Climax (BC) | Jun-18 high volume (2.45M) on pullback — supply entering | Aug volume declining on advances — weakening demand,"Accumulation: Mar 2026 (~10.51–11.05 range) — well-defined trading range with Spring on Mar-12/13 | Distribution: Possible early-stage distribution forming Aug 2026 (~14.19–14.59) — narrowing range, declining volume on rallies, failed follow-through",CO completed accumulation ~Mar; executed markup through Apr–Jul | CO showing signs of selective distribution near 14.40–14.59 zone | Absorption of supply visible Jun-18 and Jun-26 | Aug behavior suggests CO reducing long exposure,Preliminary Support (PS): Mar-06 ~10.85 | Selling Climax (SC): Mar-09 ~10.66 | Automatic Rally (AR): Mar-23 ~11.38 | Spring: Mar-12 ~10.51 | Last Point of Support (LPS): Mar-20 high-volume reversal | Sign of Strength (SOS): Apr-01 ~11.82 breakout on 2.65M | Backup to Edge of Creek (BUEC): Apr mid-range consolidation | Buying Climax (BC) candidate: Jun-26 ~13.65 on 3.56M | Upthrust After Distribution (UTAD) candidate: Jul-01 ~14.00 / Jul-16 ~14.03 | Last Point of Supply (LPSY) candidates: Aug-05 ~14.40 | Aug-13 ~14.50 | Aug-14 ~14.59,Price advanced ~38% from accumulation low (~10.51) to distribution high (~14.59) | Jun-26 climactic volume (3.56M) — largest bar in dataset — near price highs signals potential CO distribution | Aug rallies failing to exceed prior highs with declining volume | Narrow spread candles in Aug with volume tapering — classic LPSY behavior | Mar-20 volume spike (2.48M) on recovery confirms institutional accumulation footprint | Apr-01 SOS bar most impulsive in markup phase,"Only ~5 days of data post Aug-14 peak — insufficient to confirm full distribution structure | Aug-21 volume (48,204) appears incomplete/partial day — excluded from structural weighting | Trend remains technically up — premature to call full Phase E reversal | No confirmed Sign of Weakness (SOW) break below key support yet | Watch 13.80–13.90 as first support; breach of 13.00 would confirm distribution dominance",27,12,5,6,5
BRSL,Markup,High,62,Clean,Primary downtrend from 13.65 (Mar 5) to 9.90 (Jul 30 low) | Consolidation/base-building 10.00–11.30 zone Aug onward | Higher lows emerging late August,Heavy volume on May 12–13 breakdown (3.5M–3.8M) with significant price drop = climactic selling effort | Aug 4 spike (4.97M) large range up bar = effort yielding result (Spring/LPS signal) | Aug 11 (3.3M) upthrust test with hold = positive | Aug 13 surge on 2.5M with expansion = SOS candidate,"Declining volume on rallies Mar–Apr (distribution absorption) | Climactic expansion May 12–13 (SC candidate) | Volume contraction during sideways base May–Jul (sign of supply exhaustion) | Volume expansion on upside Aug 4, 11, 13, 20–21 = demand entering",Accumulation — post-climactic base forming after sharp markdown | Price holding above Spring low (9.90) | Absorption of supply visible in tight ranging 10.20–11.30,Absorbing supply in 10.00–11.30 TR | Late-stage shakeouts (Jul 22–31) to clear weak hands | Initiating markup with selective volume expansion on upside bars Aug 4 onward,PSY ~13.65 (Mar 5) | BC ~13.57 (Mar 4) | AR ~12.48–12.27 range (Mar–Apr) | ST ~13.15 (Apr 17) | Secondary Tests Apr 21–30 | UTAD candidate rejected Apr 22 | Secondary distribution/markdown May 12–13 (SC) | Automatic Rally Aug 4 (11.30) | Spring ~9.90 (Jul 30–31) | LPS Aug 10–12 | SOS Aug 13 (11.69–12.23 range) | BU/LPS Aug 17–19 | Renewed markup attempt Aug 20–21,Spring confirmed at 9.90 with strong reversal Aug 4 on highest volume in dataset (4.97M) | SOS bar Aug 13 breaks above consolidation with volume expansion | Price reclaiming 11.50–12.10 zone is critical resistance | Aug 21 close at 12.105 on ~2M volume = most constructive close since May | Lower-high structure from Mar still technically intact until 12.20+ sustained,No confirmed break above prior resistance (12.20–12.50) yet | Multiple failed rallies in 10.80–11.60 zone throughout May–Jul reduce confidence | Aug 17–19 pullback after SOS shows residual supply | Volume on Aug 20–21 not exceptional — markup needs stronger confirmation | Broad market dependency unknown | Phase D not fully confirmed until LPS holds and volume expands above 12.25+,26,13,6,5,6
NOG,Accumulation,High,72,Mixed,Primary downtrend from ~31.17 (Mar 27) to ~17.37 (Jul 6) low | Secondary uptrend from Jul 6 low with higher lows and higher highs through Aug 21,"High volume on down legs (Jun 15, Jun 26, Jun 29) with diminishing price progress = effort without result on sell side | Aug 7-11 surge on expanding volume confirms upside effort producing results | Late Aug low-volume rise suggests absorption complete",Climactic volume Jun 15 (5.67M) and Jun 26 (7.22M) | Selling climax-like action Jun 29 (5.98M) at 17.37 low | Volume expansion on Aug 7-11 markup = institutional buying | Volume contraction on Aug 17-21 rally = normal healthy pullback absorption,Accumulation phase: Jun 29 - Aug 6 trading range (~17.37 - ~21.72) | Selling Climax (SC): Jun 29 at 17.37 | Automatic Rally (AR): Jul 7-8 to ~19.39 | Secondary Test (ST): Jul 6 at 17.37 | Spring candidates: Jun 29 low | Sign of Strength (SOS): Aug 7-11 breakout | Last Point of Support (LPS): Aug 3-6 consolidation ~19.77-20.44,Absorbed supply through Jun-Jul range | Accumulated at lows with high-volume down bars showing price resilience | Markup initiated Aug 7 with decisive volume expansion | Currently allowing minor pullback post-markup initiation before continuation,Preliminary Supply (PSY): Mar 27 at 31.17 | Buying Climax (BC): Mar 27 31.17 | Automatic Reaction (AR): Apr 17 at 23.60 | Secondary Test (ST): Apr 29-30 | Sign of Weakness (SOW): May 26-27 breakdown | Selling Climax (SC): Jun 29 at 17.37 | Automatic Rally (AR): Jul 7-13 | Spring: Jun 29 low | SOS: Aug 7-11 | LPS: Aug 12-20 consolidation | Markup acceleration: Aug 20-21,Range established 17.37-21.72 served as accumulation base | ~14-point decline from high to SC = sufficient cause for markup | Breakout Aug 10-11 on 3.77M and 2.88M volume confirms institutional commitment | Price reclaimed 20-day and longer MAs | Aug 20-21 reaching 27.34 = ~57% recovery from SC low in 7 weeks | Low volume on Aug 21 (240K partial day) may indicate session truncation,"Aug 21 volume (240,896) extremely low — likely partial session data, do not treat as confirmed signal | Overhead supply exists from Mar-May distribution zone (25-31 range) | Aug 22-23 area (25.50-26.00) is prior support-turned-resistance | Markup may face resistance at 27-28 zone without consolidation | Distribution phase from Mar not fully resolved — prior holders may sell rallies | Moderate overall volume during accumulation reduces conviction slightly",24,11,6,6,7
PBI,Distribution,High,68,Mixed,"Bearish — Peak formed ~18.77 (Jul-21), sequence of lower highs and lower lows from late July through August; breakdown below 17.00 support zone confirmed",Bearish divergence — Large effort (volume) on downside bars in Aug (Aug-10/11) with price failing to recover; upside attempts on low volume (Aug-20/21) produce minimal result,"Distribution signature confirmed — High volume at range highs (Jun-18: 8M, Jun-26: 8.3M) with price stalling; declining volume on rallies post-peak; volume expanding on decline bars",DISTRIBUTION — Prolonged range 17.00–18.77 from late June through late July; multiple tests of highs rejected; volume patterns consistent with supply dominance,Distributing — CO absorbed retail buying at highs (Jun-Jul spike volumes); now withdrawing support allowing markdown; low-volume bounces suggest absence of institutional buying,Preliminary Supply (PSY): ~18.77 Jul-21 | Buying Climax (BC): ~18.65 Jul-20 | Automatic Reaction (AR): ~17.56 Jul-31 | Secondary Test (ST): ~18.62 Jul-21 / ~18.51 Jul-16/17/20 | Sign of Weakness (SOW): Aug-07 to Aug-17 breakdown | Last Point of Supply (LPSY): ~18.07–18.39 Aug-03/04 | Markdown Initiation: Aug-10 through Aug-21,"Climactic high volume Jun-26 (8.36M) and Jun-18 (8.01M) marked supply entry | Price failed to extend above 18.77 despite multiple attempts | Post-peak volume contracted on rallies confirming lack of demand | Aug-10 (1.65M) and Aug-11 (2.09M) broke below 17.00 on increasing relative volume | Final data (Aug-21) shows 16.47 high with tiny volume (58K) — anomalous, possible partial session | Support zone 15.80–16.00 is next Wyckoff objective if markdown continues","Aug-21 volume (58,490) extremely low — likely partial/incomplete session data, do not use for confirmation | Distribution range relatively compressed (~8 weeks) limiting high-confidence labeling | No clear Upthrust After Distribution (UTAD) identified — reduces structural textbook clarity | Price still above major accumulation base (~10.00–11.00) so broader uptrend context remains | Possible re-accumulation scenario if 16.00 holds with absorption volume — monitor closely",24,7,5,6,8
WKC,Distribution,High,72,Noisy,Primary uptrend from ~22.59 (Mar-16 low) to 41.20 (Jul-24 high) | Markup complete | Now in early markdown with lower highs and lower lows forming below 40.00 | Current price ~35.94 breaking below Aug support cluster,Effort-Result Divergence present | Apr-24 gap-up (~28.75→29.80) on 3.19M volume = strong effort with result | Jul-24 spike (40.00→41.20) on 4.38M volume = climactic effort with diminishing upside result | Aug pullback volume sustained (1.0–1.6M) on declining price = effort confirming distribution,Mar-20 spike 3.34M on narrow range = Selling Climax or Shakeout signal | Apr-24 expansion 3.19M = Sign of Strength gap | Jul-16 2.71M on narrow close = Upthrust warning | Jul-24 4.38M climactic = Buying Climax (BC) candidate | Aug volume 1.0–1.6M on declining bars = sustained supply dominance,Early phase (Mar): Accumulation base ~22.57–24.91 | Mid-phase (Apr–Jul): Markup confirmed | Late phase (Jul–Aug): Distribution characteristics — BC on Jul-24 | Automatic Reaction (AR) forming | Price failing to reclaim highs = distribution confirmed,CO completed accumulation in Mar–Apr range | Executed markup through May–Jul | Likely distributing Jul-16 to Jul-24 on climactic volume | Now allowing markdown with reduced support activity | No evidence of re-accumulation yet,Potential Creek/Trading Range Low: 22.57–22.65 (Mar 16–20) | Spring/Shakeout: Mar-20 high-volume reversal | Sign of Strength (SOS): Apr-24 gap 23.54→26.11 on 3.19M | Last Point of Support (LPS): ~26.25–27.10 zone (Apr 27–May 1) | Buying Climax (BC): Jul-24 41.20 high on 4.38M | Automatic Reaction (AR): Jul-24→Aug-21 decline to ~35.94 | Upthrust After Distribution (UTAD) candidate: Jul-24 spike above prior highs | Secondary Test (ST): Aug-10 to Aug-21 lower highs,"Price declined from 41.20 BC to 35.64 (-13.5%) in ~4 weeks | Aug-14 close 36.11 broke below Aug support | Aug-17 low 35.60 = new multi-week low | Aug-21 partial data (60,359 vol) suggests thin/early session — treat with caution | Range of 22.57–41.20 represents full Wyckoff cycle in ~5 months | No sign of accumulation base forming yet in markdown","Aug-21 volume (60,359) is extremely low — likely incomplete session data, do not use for phase confirmation | Jul-24 gap and spike could be news-driven rather than pure CO activity — verify fundamentals | Markup from Apr-24 was sharp/nearly vertical suggesting possible external catalyst, not pure Wyckoff accumulation | Markdown phase early",23,8,4,6,9
NCNO,Accumulation,High,62,Mixed,Broad trading range ~13.80–21.22 | Downtrend into range (Mar 2026) | Basing behavior Mar–Jun 2026 | Markup attempt Jul–Aug 2026,Effort present on Jun 26 (19.6M vol) with strong close 15.63 — Spring-like behavior | Aug 13 breakout on 2.95M vol to 20.66 — positive effort-result | Mar–May selling effort with modest new lows — absorption signal,Elevated vol on down-thrust Mar–May with price holding range lows — supply absorption | Jun 26 climactic vol spike with bullish close = Spring/LPS candidate | Jul–Aug rising price on moderate vol = Markup | Late Aug declining vol on consolidation near highs = normal,Accumulation — extended base Mar–Jun 2026 | Multiple SC/AR candidates | Spring confirmed Jun 27 area | SOS bar Jun 26–Jul 2 | LPS tests Jul–Aug with higher lows,Absorbing supply Mar–Jun | Engineered shakeout Mar 27 (13.80 low) and Jun 22–25 (14.15–14.35) | Markup initiated late Jun | Defending higher lows Aug 2026,Preliminary Support (PS): ~Mar 16 15.00 area | Selling Climax (SC): ~Mar 27 13.80 intraday low | Automatic Rally (AR): Apr 1 spike to 18.44 | Secondary Test (ST): Apr 23–24 pullback | Creek/Resistance: ~18.40–19.00 zone | Spring: Jun 22–25 14.15–14.35 | Sign of Strength (SOS): Jun 26 19.6M vol thrust | Last Point of Support (LPS): Jul 8–10 16.85–16.99 | Markup: Jul 27–Aug 14 breakout through creek | Potential Cause Building: ~Mar–Jun base,"Apr 1 anomalous gap open 18.37 from 14.98 on 12.85M vol — likely news-driven event, not Wyckoff structural | Jun 26 vol spike (19.6M) is highest in dataset — classic spring/reversal volume | Price progression: 13.80 low → 21.22 high — full accumulation cycle visible | Aug 13 breakout to 20.66 on expanded vol through prior resistance = SOS | Aug 14–21 consolidation near 20.20–20.81 on declining vol = normal LPS behavior | Range width ~7.40 pts suggests meaningful cause built",Apr 1 gap event distorts structure — possible external catalyst inflating AR | Multiple failed rallies May–Jun suggest persistent supply overhead | Low vol on Aug 20–21 could indicate distribution beginning at highs rather than LPS | Price has not yet achieved clean sustained breakout above 21.00 resistance | Short data history limits full Wyckoff cause-effect count | Composite Operator intent ambiguous at current highs — monitor for UTAD,23,10,6,6,10
ALKT,Accumulation,High,62,Mixed,Macro downtrend from 19.21 (Mar-12) peak → 13.98 low (Jun-22) | Recovery rally from Jun-22 low building higher lows | Aug markup phase pushing toward prior resistance zone 19–21,Early phase: High effort (volume) on down days with poor upside results (bearish) | Jun-22 climactic volume (3.59M) on low close = Selling Climax candidate | Jul–Aug: Low-to-moderate volume on sustained markup = Ease of Movement bullish signal,Mar-10/11 high volume rally → failed (distribution) | Apr-30 high volume selloff (3.16M) = Secondary Test zone | Jun-22 spike volume (3.59M) = Selling Climax | Jun-26/29/30 increasing volume on rally = demand entering | Aug-06 volume surge (3.48M) on strong close = Sign of Strength | General volume contraction on dips in Aug = bullish,Primary Distribution: Mar-10 to Mar-27 range (~19.21–15.08) | Re-Accumulation base: Jun-22 to Jul-24 (~13.98–19.48) | Active Markup: Aug-03 onward with successive higher closes,Absorbed supply through Apr–Jun weakness | Engineered Spring/Shakeout at Jun-22 low (13.98) | Markup campaign initiated late Jun with volume confirmation | Currently defending 19.50–20.00 support during Aug consolidation,Preliminary Supply (PSY): Mar-12 high 19.21 | Buying Climax (BC) attempt: Mar-10/11 | Sign of Weakness (SOW): Mar-24 to Apr-09 break | Selling Climax (SC): Jun-22 at 13.98 high volume | Automatic Rally (AR): Jun-23/24 bounce | Secondary Test (ST): Jun-17/18 area ~14.58–15.09 | Spring: Jun-22 undercut of prior lows | Sign of Strength (SOS): Jun-26/29/30 strong rally with volume | Last Point of Support (LPS): Jul-22/23 pullback ~16.28–16.48 | Markup acceleration: Aug-06 gap/surge | Potential Backup to Creek: Aug-14–21 consolidation ~20.00–20.78,"Jun-22 Selling Climax at 13.98 is the structural pivot for entire base | Jun-26 volume (4.91M) highest in dataset = institutional demand confirmation | Price crossed above Mar distribution range midpoint (~17.00) on sustained basis | Aug-13 print of 20.91 = highest point in dataset, new recovery high | Aug consolidation (20.00–20.78) on declining volume = healthy absorption | Range expansion in Aug with closes near highs = markup character confirmed",Price approaching Mar-12 distribution origin (~19.21) — overhead supply risk | Aug consolidation has not yet shown definitive SOS to confirm continuation | Volume declining in Aug could signal either healthy correction or distribution onset | Multiple failed rallies in Apr–May range (16.00–18.20) show persistent supply | Choppy overlapping structure creates ambiguity between re-accumulation and re-distribution | Narrow range days Aug-04/05,23,11,6,6,11
CALY,Distribution,High,67,Noisy,Uptrend (Mar–Jun) → Distribution Range (Jun–Jul ~18.26–19.66) → Early Markdown (Aug) | Lower highs and lower lows emerging post-Aug 4 peak,"Effort increasing on downside (Aug 6 wide spread, high vol decline) | Upthrusts in Jul failed to sustain gains despite effort | Weak results on rally attempts in Aug","High vol climactic spike May-08 (8.09M, potential Buying Climax) | Elevated vol on Jun rallies (distribution phase) | Aug 6 high-vol breakdown (2.99M, wide range down) | Shrinking vol on bounces = weakness | Recent vol declining on rebounds = no demand","Distribution dominant post-Apr-17 upthrust (5.94M vol, BC candidate) | Accumulation phase detected Mar–Apr in 12.88–14.50 range | Full cycle: Accumulation → Markup → Distribution → Early Markdown",CO completed markup; evidence of active supply introduction Jun–Jul; absorption failing; CO likely exiting remaining positions on bounces,"Selling Climax (SC): Mar-06 ~12.88 low, high vol | Automatic Rally (AR): Mar-09 bounce to 13.36 | Secondary Test (ST): Mar-12/16 lows ~13.08–13.24 | Spring/LPS: Mar-24 to Apr-06 base | Sign of Strength (SOS): Apr-17 breakout 15.53, 5.94M vol (also potential BC) | Buying Climax (BC): May-08 high 17.70, 8.09M vol | Automatic Reaction (AR-Dist): May-11/12 pullback | Upthrust After Distribution (UTAD): Jul-15/16 high ~20.28 | Sign of Weakness (SOW): Aug-06 breakdown ~17.27, high vol | Last Point of Supply (LPSY): Aug-07/10 bounce failure ~17.59–18.02",Full Wyckoff cycle identifiable from Mar accumulation through Aug markdown | BC on May-08 with massive vol and immediate reversal = distribution onset confirmed | UTAD on Jul-15/16 cleared prior highs then reversed sharply = bull trap | SOW Aug-06 wide-range down bar on above-avg vol breaks structure | Price now trading below all key distribution range support | Aug-20 close 15.79 approaching May consolidation lows = potential support test,UTAD/BC labeling overlaps (Apr-17 vs May-08) introduces ambiguity | Volume not extreme enough on all events for textbook certainty | Possible re-accumulation at 15.50–16.50 zone if support holds | Small-cap liquidity constraints may distort volume signals | No confirmed Creek break below 15.00 yet — markdown not fully validated,21,10,5,6,12
ECVT,Accumulation,Low,38,Clean,Primary uptrend (Mar–May) → Distribution top (Apr–May) → Markdown (May–Aug) → Nascent support zone forming (Aug),Mar upthrust: high volume with result (bullish effort confirmed) | May 14–15 climax: effort diminishing on advance (bearish divergence) | Jun 25–26 high volume flush (potential SC/ST) | Aug 5–12 accelerating markdown with expanding volume (no AR yet confirmed),Expanding volume on Mar advance (accumulation absorption) | Climactic volume Jun 25 (5.79M) and Jun 26 (6.90M) = potential Selling Climax | Volume contracting on Aug 11–21 lows = drying supply signal | No clear Automatic Rally volume confirmation yet,Distribution: Apr 13–May 15 range (14.00–15.085) with lower highs and volume divergence | Markdown confirmed May 21 breakdown | Possible re-accumulation embryonic structure forming Aug 10–21 (10.03–10.50 range),CO distributed Apr–May at 14.00–15.085 zone | Triggered markdown via UTAD failure May 7 | Currently testing absorption capacity at 9.91–10.50 support band | No CO re-entry signals confirmed,"Possible BC (Buying Climax): 2026-04-13 @ 14.42 | UTAD/SOW: 2026-05-07 sharp reversal from 14.855 | Potential SC (Selling Climax): 2026-06-25 to 2026-06-26 high volume flush | Potential AR (Auto Rally): 2026-06-29 to 2026-06-30 (weak, low conviction) | Secondary Test: 2026-08-12 low @ 9.91 | ST in progress: Aug 13–21 low-volume consolidation 9.91–10.50","1. Full distribution schematic executed Apr–May with BC→UTAD→SOW | 2. Markdown accelerated sharply Aug 5–12 (price -17% in 6 sessions) | 3. Jun 25–26 SC-like event: 12.7M combined volume, wicks, close off lows | 4. Aug low 9.91 (Aug 12) with declining volume into Aug 21 = supply exhaustion candidate | 5. Price range compression Aug 13–21 = potential ST or Phase A base forming | 6. No SOS (Sign of Strength) rally yet to confirm re-accumulation","No confirmed AR post-SC | Aug 21 volume (62,583) extremely thin — data may be partial/truncated | Distribution-to-markdown transition clean but re-accumulation unconfirmed | Risk of continued markdown below 9.91 if 10.03 support fails | Phase identification premature without SOS confirmation | Broad market context unknown — external shock possible (Jun 25–26 volume spike)",19,6,6,6,13
PTY,Accumulation,Low,34,Clean,Primary downtrend from ~12.74 (Mar 3) to ~11.58 lows (late Mar); followed by failed recovery and extended sideways ranging between ~11.58–12.36; current bias neutral-to-bearish,Effort repeatedly fails to produce result — multiple high-volume down days yield minimal new lows; rally attempts on moderate volume stall quickly; no sustained markup confirms absorption incomplete,"Elevated volume on selling waves (Mar 3–20, Mar 27–30, Jun 22, Aug 3–4, Aug 18) with little upside follow-through | Low volume on rallies suggests weak demand | Volume contracting into range — consistent with accumulation or pre-breakdown compression",Ambiguous — range-bound behavior could represent re-accumulation (Phase C/D) or distribution continuation | No clear SOS (Sign of Strength) bar sustained above resistance | Repeated failures near 12.20–12.36 resistance zone favor distribution lean,"Unclear intent — possible absorption of supply in lower range (~11.58–11.80) but no markup initiated | Alternatively, CO may be distributing residual positions into range bounces near 12.20–12.36","PS (Preliminary Support): ~11.58 Mar 27 | SC (Selling Climax) candidate: Mar 30–31 high volume reversal | AR (Automatic Rally): Apr 1–9 to ~12.36 | ST (Secondary Test): multiple retests 11.65–11.80 zone | LPSY candidates: May 7–8, Jul 9–10 | Spring candidate (weak): Jun 22 / Jul 22–23 dip to 11.60–11.61","Price compressed in ~11.58–12.36 range for 5+ months | Resistance at 12.20–12.36 repeatedly rejected | Support at 11.58–11.65 holding but tested multiple times | No breakout in either direction | Volume on Aug 3–4 elevated but no upside resolution | Aug 18 high-volume down day (2.3M) closes at low — bearish pressure signal | Current price ~11.75 — mid-range, leaning toward lower support","No confirmed SOS — cannot classify as Phase D accumulation with confidence | Repeated support tests increase spring exhaustion risk | Aug 18 distribution-like bar on high volume is a red flag | If 11.58 support breaks convincingly, re-accumulation thesis fails entirely | Range duration (5+ months) without resolution increases markdown probability | Avoid long bias without clear SOS + LPS confirmation above 12.00 on expanding volume",19,6,6,7,14
UTZ,Distribution,Low,28,Mixed,Pre-Event: Descending structure with lower highs/lower lows from 8.925 to ~6.80 | Post-Event: Tight horizontal consolidation between 14.06–14.19 with minimal range expansion,"Pre-Event: High effort (elevated volume on down days) with proportional bearish result | Post-Event: Massive effort on 07-21 (61.8M vol, ~90% gap) with price locked in <1.5% range — effort absorbed, no follow-through","Pre-Event: Volume spikes on weakness (03-11: 3.47M | 03-23: 3.07M | 05-06: 3.47M spike up then immediate reversal) | Post-Event: 61.8M vol on gap day, rapidly declining to <3M — absorption pattern, no distribution surge detected yet",Pre-Event: Net distribution/markdown from ~8.92 to ~6.80 | Post-Event: Indeterminate — price locked in ultra-tight range; could reflect controlled float or post-event price peg,"Pre-Event: CO appears to have been distributing/marking down | Post-Event: CO behavior unclassifiable under standard Wyckoff — price gap suggests merger, acquisition, corporate action, or external pricing event","Preliminary Supply (PS): ~2026-03-03 | Sign of Weakness (SOW): 2026-03-11 (3.47M, large range down) | Secondary Test(s): 2026-03-25 / 2026-05-18 | Creek Break: 2026-05-06 gap up — failed, reversed sharply | Secondary SOW: 2026-05-11 to 2026-05-15 | Terminal Shakeout/Spring Candidate: 2026-06-04 to 2026-06-05 (~6.78 low) | Abnormal Markup Event: 2026-07-21 (non-Wyckoff organic) | Post-Event Range: 2026-07-22 to 2026-08-21 tight consolidation","1. 2026-07-21 price/volume event is not organic Wyckoff behavior — likely M&A, buyout, or halted reopen at adjusted price | 2. Post-event range (14.06–14.19) is extraordinarily tight over 23+ sessions — consistent with deal price anchoring or controlled float | 3. Pre-event structure showed classic markdown with failed rally attempts | 4. 2026-05-06 spike (8.68 high, 3.47M vol) was a bull trap / UTAD failure | 5. Volume decay post-07-21 suggests no active secondary market participation | 6. Spring-like behavior near 6.78–6.83 on 06-04/06-05 never confirmed with markup — absorbed externally",Non-organic price event invalidates standard Wyckoff phase projection | Post-event price behavior resembles corporate action pricing (tender offer/buyout) — not tradeable via Wyckoff framework | Pre-event markdown phase was valid but terminal event external,18,8,3,6,15
FBRX,Accumulation,Low,31,Mixed,Bearish breakdown (Mar–Jun) → Climactic spike (Jul 9–10) → Abnormal price lock (Jul 27–Aug 21 ~$76.50–$76.95 near-zero range),Massive volume on Jul 9 (4.87M) and Jul 10 (3.19M) with explosive price expansion (~$21→$43) — effort matches result for climax | Jul 27 ultra-high volume (17.5M) with near-zero price movement — extreme effort with no result (absorption or freeze event),Declining volume during markdown (Mar–Jun confirms distribution) | Spike volume at Jun 26 (3.07M) and Jul 9 (4.87M) — climactic buying | Post-Jul 27 volume elevated but price completely static — anomalous/non-market behavior,Mar–Jun: Classic Distribution/Markdown sequence | Jun 5–Jun 25: Possible Creek/Spring zone (~$15.50–$18.50) | Jun 26 + Jul 9: Jump Across Creek / Sign of Strength candidates | Jul 27+: Price freezes at $76.50–$76.95 — not consistent with normal Wyckoff accumulation,"Appears to have distributed Mar–Apr | Allowed markdown through Jun | Triggered climactic re-entry Jun 26 and Jul 9 | Post-Jul 27 behavior suggests non-market mechanism (corporate action, trading halt, merger arbitrage, or price peg)","Potential PSY/BC: Mar 3–6 (high volume selloff from $32) | ST/Secondary Test: Mar 9–13 | Creek/Support Zone: Jun 5–Jun 25 ($15.51–$16.74) | Spring Candidate: Jun 5 low $15.71 | SOS Candidate: Jun 26 (3.07M volume, $21.03 close) | JAC/Climax: Jul 9 ($21.25→$36.70) and Jul 10 ($37.94→$43.92) | Price Freeze Event: Jul 27 onward (~$76.50 lock)","Price dropped ~50% from Mar high (~$32.97) to Jun low (~$15.51) in classic markdown | Two ultra-high volume days (Jun 26, Jul 9) mark potential climactic reversals | Price then gaps to $76.50 on Jul 27 with 17.5M volume and locks in $0.40 range for 18+ sessions — this is NOT normal Wyckoff behavior | The $76.50 lock strongly suggests a corporate event (buyout, merger, regulatory halt, or NAV peg) | Wyckoff analysis is unreliable post-Jul 27",Price lock at $76.50–$76.95 for 18+ consecutive sessions is not organic market behavior | Likely corporate action/merger/acquisition distorting all phase analysis | Volume on Jul 27 (17.5M) is 30x normal — suggests one-time institutional or event-driven transaction | Do NOT apply standard Wyckoff phase logic to post-Jul 27 data | Pre-event Wyckoff analysis (Mar–Jul 24) is valid but post-,17,7,5,5,16
HE,Accumulation,Low,38,Mixed,Bearish — series of distribution plateaus followed by sharp markdown legs; price declined from ~16.28 to ~11.42 over observation window,"Effort exceeds result on rallies (high volume, minimal upside); downside breaks confirmed by volume surge (May-11: 5.5M, Aug-10: 5.6M), indicating supply dominance",Elevated volume on down-breaks | Declining volume on rallies (absorption pattern absent) | Spike volume on markdown legs confirms distribution/selling pressure | Low volume on bounces indicates lack of demand,"Distribution dominant — price making lower plateaus followed by markdown; no sustained accumulation base confirmed; possible minor re-accumulation attempts in Mar-Apr and Jun ranges, both failed",Bearish/Distributing — CO appears to be offloading inventory on rallies; markdown phases triggered after consolidation ranges (Mar base ~14.00–15.00 broken May; Aug base ~12.40–12.80 broken Aug-10),Preliminary Supply (PSY): ~16.28 Mar-03 | Buying Climax (BC): ~16.33 Mar-04 | Automatic Reaction (AR): ~14.29 Mar-09 | Secondary Test (ST): ~15.91 Apr-10 | Sign of Weakness (SOW): May-08 to May-11 break | Last Point of Supply (LPSY): ~15.38–15.42 range Apr–May | Phase C Spring Attempt (failed): Jun-22 ~12.72 | Second Markdown leg: Aug-10 ~11.29 new low,"Price peaked 16.33 and has declined ~30% to 11.42 | Two major volume-confirmed markdown events (May-11, Aug-10) signal institutional selling | Consolidation ranges (Mar–Apr, Jun–Jul) each resolved to the downside | Aug-10 high-volume bar (5.6M) with wide spread to downside is a Selling Climax candidate | Post Aug-10 price stabilizing in 11.42–11.95 range with declining volume — watch for Automatic Rally | No confirmed Sign of Strength or Back-Up to EDGE observed | Current structure near potential Selling Climax/Phase A of new Accumulation but unconfirmed",No confirmed accumulation base — premature to call bottom | Multiple failed rally attempts suggest persistent supply overhead | Volume on bounces remains insufficient to confirm demand | Aug-10 SC candidate requires follow-through AR and ST to confirm | Risk of further markdown if 11.29 support fails | Structural context remains bearish until SOW/SOS reversal confirmed | Low PHASE_CONFIDENCE_SCORE reflects ambiguity between Markdown continuation and early Accumulation Phase A,15,8,7,7,17
